City_ID,City,Country,Date,Lat,Lng,Max Temp,Humidity,Cloudiness,Wind Speed
0,Lebu,CL,2022-07-10 02:52:56,-37.6167,-73.65,48.15,84,35,10.65
1,Castro,BR,2022-07-10 02:52:57,-24.7911,-50.0119,53.83,84,67,3.74
2,Yagodnoye,RU,2022-07-10 02:52:57,62.55,149.6667,71.44,49,45,6.13
3,Lar,IN,2022-07-10 02:52:58,26.2039,83.9717,93.24,49,3,11.83
4,Vaini,TO,2022-07-10 02:52:58,-21.2,-175.2,77.16,73,20,12.66
5,Hayden,US,2022-07-10 02:52:58,47.766,-116.7866,77.04,36,0,10.36
6,Chuy,UY,2022-07-10 02:52:59,-33.6971,-53.4616,61.86,91,92,13.15
7,Barrow,US,2022-07-10 02:48:02,71.2906,-156.7887,55.42,71,0,11.5
8,Waldoboro,US,2022-07-10 02:52:59,44.0954,-69.3756,60.53,69,3,4.7
9,Hobart,AU,2022-07-10 02:53:00,-42.8794,147.3294,54.23,68,75,11.5
10,Mataura,NZ,2022-07-10 02:53:00,-46.1927,168.8643,46.47,65,19,2.06
11,Cabo San Lucas,MX,2022-07-10 02:49:37,22.8909,-109.9124,92.5,70,68,12.01
12,Saint George,US,2022-07-10 02:52:04,37.1041,-113.5841,102.79,10,0,11.5
13,Ostrovnoy,RU,2022-07-10 02:53:01,68.0531,39.5131,49.59,84,76,4.83
14,Codrington,AU,2022-07-10 02:53:01,-38.2667,141.9667,56.03,62,36,9.08
15,Atuona,PF,2022-07-10 02:53:02,-9.8,-139.0333,77.85,76,11,17.27
16,Punta Arenas,CL,2022-07-10 02:53:02,-53.15,-70.9167,24.91,80,20,6.91
17,Hilo,US,2022-07-10 02:53:02,19.7297,-155.09,85.28,88,50,5.01
18,San Patricio,US,2022-07-10 02:53:03,28.017,-97.5169,86.18,74,98,12.88
19,Busselton,AU,2022-07-10 02:53:03,-33.65,115.3333,57.69,60,95,13.53
20,Mlonggo,ID,2022-07-10 02:53:04,-6.5333,110.7,84.24,59,76,3.87
21,Berlevag,NO,2022-07-10 02:53:04,70.8578,29.0864,55.35,76,100,0.0
22,Tsabong,BW,2022-07-10 02:53:05,-26.0217,22.401,54.55,44,0,11.99
23,Rodeo,US,2022-07-10 02:53:05,38.033,-122.2669,78.21,69,0,1.99
24,Port Macquarie,AU,2022-07-10 02:53:05,-31.4333,152.9167,61.36,61,3,11.77
25,Albany,US,2022-07-10 02:51:01,42.6001,-73.9662,62.69,81,2,5.37
26,Cape Town,ZA,2022-07-10 02:53:06,-33.9258,18.4232,57.38,88,75,9.22
27,Avarua,CK,2022-07-10 02:53:06,-21.2078,-159.775,75.25,60,75,9.22
28,Beloha,MG,2022-07-10 02:53:07,-25.1667,45.05,57.56,72,0,7.45
29,Hermanus,ZA,2022-07-10 02:53:07,-34.4187,19.2345,45.81,80,46,4.63
30,Ushuaia,AR,2022-07-10 02:53:08,-54.8,-68.3,29.86,80,40,13.8
31,Klyuchi,RU,2022-07-10 02:53:08,52.2667,79.1667,73.08,60,18,8.16
32,Ponta Do Sol,PT,2022-07-10 02:53:08,32.6667,-17.1,73.13,59,2,3.47
33,Tasiilaq,GL,2022-07-10 02:53:09,65.6145,-37.6368,39.69,80,100,3.18
34,San Antonio,US,2022-07-10 02:50:10,29.4241,-98.4936,95.61,32,0,6.91
35,Bar-Le-Duc,FR,2022-07-10 02:53:09,48.75,5.1667,55.78,87,36,9.89
36,Sanmenxia,CN,2022-07-10 02:53:10,34.7747,111.1814,93.56,52,100,14.97
37,Faanui,PF,2022-07-10 02:53:10,-16.4833,-151.75,78.3,72,68,18.79
38,Bluff,NZ,2022-07-10 02:53:11,-46.6,168.3333,46.8,67,27,2.44
39,Waiouru,NZ,2022-07-10 02:53:11,-39.4833,175.6667,43.97,89,89,4.21
40,Jamestown,US,2022-07-10 02:48:47,42.097,-79.2353,64.04,55,0,6.91
41,Zyryanka,RU,2022-07-10 02:53:12,65.75,150.85,67.73,46,12,9.24
42,Kula,TR,2022-07-10 02:53:12,38.5473,28.6498,58.95,92,9,3.74
43,Ngunguru,NZ,2022-07-10 02:53:13,-35.6167,174.5,63.81,74,100,3.27
44,Bengkulu,ID,2022-07-10 02:49:20,-3.8004,102.2655,82.76,65,88,7.16
45,Carnarvon,AU,2022-07-10 02:54:13,-24.8667,113.6333,66.52,78,100,18.41
46,Camacha,PT,2022-07-10 02:54:14,33.0833,-16.3333,63.82,94,75,14.97
47,Urumqi,CN,2022-07-10 02:54:14,43.801,87.6005,74.35,38,0,4.47
48,Mayo,US,2022-07-10 02:54:15,38.8876,-76.5119,71.04,94,100,4.36
49,Mount Isa,AU,2022-07-10 02:54:15,-20.7333,139.5,64.17,27,0,12.66
50,Rajanpur,PK,2022-07-10 02:54:16,29.1035,70.325,96.03,50,99,12.24
51,Port Alfred,ZA,2022-07-10 02:54:16,-33.5906,26.891,60.19,80,3,3.0
52,Fortuna,US,2022-07-10 02:54:17,40.5982,-124.1573,64.35,82,100,5.01
53,San Javier,ES,2022-07-10 02:54:17,37.8063,-0.8374,73.98,78,0,3.44
54,Nouadhibou,MR,2022-07-10 02:54:17,20.931,-17.0347,67.57,92,2,12.48
55,Las Vegas,US,2022-07-10 02:50:52,36.175,-115.1372,108.28,6,0,14.97
56,Orleans,US,2022-07-10 02:54:18,30.0335,-89.9501,88.0,77,0,3.44
57,Blagoveshchenka,RU,2022-07-10 02:54:18,52.8333,79.8667,73.06,55,4,10.65
58,Vanimo,PG,2022-07-10 02:54:19,-2.6741,141.3028,83.53,71,99,5.95
59,Colwyn Bay,GB,2022-07-10 02:54:19,53.2948,-3.7267,59.95,3,0,3.0
60,San Carlos Del Zulia,VE,2022-07-10 02:54:20,9.0,-71.9135,77.65,83,97,2.08
61,Mandera,KE,2022-07-10 02:54:20,3.9366,41.867,73.35,62,93,13.33
62,Carballo,ES,2022-07-10 02:54:20,43.213,-8.691,67.87,60,56,3.15
63,Norfolk,US,2022-07-10 02:50:22,42.1668,-71.2495,66.34,78,0,0.0
64,Rikitea,PF,2022-07-10 02:54:21,-23.1203,-134.9692,73.65,77,15,8.14
65,Avera,US,2022-07-10 02:54:21,33.194,-82.5271,77.05,81,89,6.91
66,Iralaya,HN,2022-07-10 02:54:22,15.0,-83.2333,79.68,86,24,10.87
67,Taber,CA,2022-07-10 02:54:22,49.8167,-112.1518,77.85,66,99,3.44
68,Dikson,RU,2022-07-10 02:54:23,73.5069,80.5464,32.74,96,96,7.96
69,Mackay,AU,2022-07-10 02:54:23,-21.15,149.2,68.68,47,0,10.16
70,Chapais,CA,2022-07-10 02:54:23,49.7834,-74.8492,55.18,58,5,4.38
71,Saskylakh,RU,2022-07-10 02:54:24,71.9167,114.0833,54.39,62,99,6.13
72,Asyut,EG,2022-07-10 02:54:24,27.181,31.1837,80.78,34,6,5.93
73,Dickinson,US,2022-07-10 02:54:25,29.4608,-95.0513,91.13,77,21,5.01
74,Novyy Urengoy,RU,2022-07-10 02:54:25,66.0833,76.6333,64.18,57,10,8.34
75,Butaritari,KI,2022-07-10 02:54:25,3.0707,172.7902,82.02,78,25,12.71
76,Kudahuvadhoo,MV,2022-07-10 02:54:26,2.6708,72.8944,82.33,74,91,11.81
77,Ahuimanu,US,2022-07-10 02:54:26,21.4447,-157.8378,83.34,71,75,14.97
78,Raudeberg,NO,2022-07-10 02:54:27,61.9875,5.1352,47.07,81,100,7.76
79,Georgetown,MY,2022-07-10 02:54:27,5.4112,100.3354,87.73,80,20,3.44
80,Longhua,CN,2022-07-10 02:54:27,23.6137,114.1919,91.67,60,30,3.09
81,Burgeo,CA,2022-07-10 02:54:28,47.6167,-57.6152,51.75,89,2,13.49
82,Kapaa,US,2022-07-10 02:54:28,22.0752,-159.319,82.38,77,70,8.99
83,Pokhara,NP,2022-07-10 02:53:20,28.2333,83.9833,79.14,80,96,4.0
84,Mar Del Plata,AR,2022-07-10 02:54:29,-38.0023,-57.5575,56.08,95,100,4.61
85,Sena Madureira,BR,2022-07-10 02:54:29,-9.0656,-68.6569,75.06,68,9,1.39
86,Dzaoudzi,YT,2022-07-10 02:54:30,-12.7887,45.2699,75.09,73,75,16.11
87,Esperance,AU,2022-07-10 02:54:30,-33.8667,121.9,59.99,58,3,23.49
88,Nikolskoye,RU,2022-07-10 02:54:30,59.7035,30.7861,62.87,90,88,2.24
89,Santa Cruz Verapaz,GT,2022-07-10 02:54:31,15.3667,-90.4333,60.22,98,57,0.85
90,Bredasdorp,ZA,2022-07-10 02:54:31,-34.5322,20.0403,49.23,84,0,3.56
91,Caraguatatuba,BR,2022-07-10 02:55:32,-23.6338,-45.4899,63.03,96,70,3.76
92,El Salto,MX,2022-07-10 02:55:32,20.3333,-104.5,63.86,92,49,3.49
93,Santiago De Cao,PE,2022-07-10 02:55:33,-7.9589,-79.2392,60.93,88,100,10.36
94,Tazovskiy,RU,2022-07-10 02:55:33,67.4667,78.7,51.6,69,13,8.1
95,Taltal,CL,2022-07-10 02:55:33,-25.4,-70.4833,57.29,78,77,4.23
96,Norman Wells,CA,2022-07-10 02:55:34,65.282,-126.8329,77.04,44,75,6.91
97,Itaberai,BR,2022-07-10 02:55:34,-16.0203,-49.8103,64.2,49,0,5.39
98,Alice Springs,AU,2022-07-10 02:55:35,-23.7,133.8833,54.95,38,0,16.11
99,Lorengau,PG,2022-07-10 02:55:35,-2.0226,147.2712,85.1,66,88,10.76
100,Swan Hill,AU,2022-07-10 02:50:40,-35.3378,143.5544,58.32,48,0,7.43
101,Jutai,BR,2022-07-10 02:55:36,-5.1833,-68.9,73.09,96,100,2.19
102,Madang,PG,2022-07-10 02:55:36,-5.2246,145.7966,84.51,69,67,8.05
103,Tiksi,RU,2022-07-10 02:55:36,71.6872,128.8694,57.94,49,87,7.14
104,Elko,US,2022-07-10 02:55:37,41.0002,-115.5012,87.82,15,0,11.61
105,Beira,MZ,2022-07-10 02:55:37,-19.8436,34.8389,60.89,100,0,4.61
106,Qaanaaq,GL,2022-07-10 02:55:38,77.484,-69.3632,42.48,78,14,0.27
107,Nerchinskiy Zavod,RU,2022-07-10 02:55:38,51.3088,119.61,68.47,54,84,9.17
108,Ixtapa,MX,2022-07-10 02:55:19,20.7,-105.2,78.35,92,61,1.21
109,Quelimane,MZ,2022-07-10 02:55:39,-17.8786,36.8883,66.15,94,0,0.0
110,Sola,VU,2022-07-10 02:55:39,-13.8833,167.55,80.38,80,25,16.87
111,Lamar,US,2022-07-10 02:55:40,33.6668,-95.5836,91.31,40,0,10.36
112,Maymyo,MM,2022-07-10 02:55:38,22.0333,96.4667,77.11,74,27,1.1
113,Port Elizabeth,ZA,2022-07-10 02:55:40,-33.918,25.5701,61.32,80,0,17.27
114,Talnakh,RU,2022-07-10 02:55:41,69.4865,88.3972,47.21,62,33,17.27
115,Iskateley,RU,2022-07-10 02:55:41,67.6803,53.1512,57.11,71,87,4.81
116,Rio Gallegos,AR,2022-07-10 02:55:41,-51.6226,-69.2181,21.25,86,40,11.5
117,Provideniya,RU,2022-07-10 02:55:42,64.3833,-173.3,49.53,89,100,12.06
118,Srednekolymsk,RU,2022-07-10 02:55:42,67.45,153.6833,62.26,38,49,3.67
119,Isangel,VU,2022-07-10 02:52:47,-19.55,169.2667,84.31,89,40,4.61
120,Sibolga,ID,2022-07-10 02:55:43,1.7427,98.7792,82.62,68,100,1.5
121,Galle,LK,2022-07-10 02:55:43,6.0367,80.217,80.96,82,100,12.88
122,Luderitz,NA,2022-07-10 02:55:43,-26.6481,15.1594,55.53,88,51,2.98
123,Yellowknife,CA,2022-07-10 02:52:55,62.456,-114.3525,72.12,60,75,5.75
124,Anadyr,RU,2022-07-10 02:55:44,64.75,177.4833,57.7,88,75,4.47
125,New Norfolk,AU,2022-07-10 02:55:45,-42.7826,147.0587,53.89,76,3,3.4
126,Arraial Do Cabo,BR,2022-07-10 02:55:45,-22.9661,-42.0278,70.29,88,1,20.51
127,Airai,TL,2022-07-10 02:55:45,-8.9266,125.4092,68.0,67,77,3.98
128,Lompoc,US,2022-07-10 02:55:45,34.6391,-120.4579,70.79,82,75,17.0
129,Tuatapere,NZ,2022-07-10 02:55:46,-46.1333,167.6833,45.25,62,7,4.0
130,Waw,SS,2022-07-10 02:55:46,7.7029,27.9953,68.09,96,96,3.65
131,General Roca,AR,2022-07-10 02:55:47,-39.0333,-67.5833,48.92,36,91,10.04
132,Severo-Kurilsk,RU,2022-07-10 02:55:47,50.6789,156.125,61.02,80,97,11.45
133,Salalah,OM,2022-07-10 02:55:48,17.0151,54.0924,77.59,95,100,12.75
134,Sao Filipe,CV,2022-07-10 02:55:48,14.8961,-24.4956,73.98,82,40,8.14
135,Ribeira Grande,PT,2022-07-10 02:56:49,38.5167,-28.7,67.75,77,46,9.51
136,Big Rapids,US,2022-07-10 02:56:49,43.6981,-85.4837,62.67,62,0,0.0
137,Bethel,US,2022-07-10 02:52:17,41.3712,-73.414,71.64,61,0,3.44
138,Aklavik,CA,2022-07-10 02:56:50,68.2191,-135.0107,65.91,52,17,16.49
139,Maniitsoq,GL,2022-07-10 02:56:50,65.4167,-52.9,39.54,91,100,5.35
140,Santa Fe,AR,2022-07-10 02:54:28,-31.6333,-60.7,77.0,63,0,8.99
141,Micheweni,TZ,2022-07-10 02:56:51,-4.9667,39.8333,75.11,75,0,14.85
142,Fukue,JP,2022-07-10 02:56:51,32.6881,128.8419,84.56,70,75,6.91
143,Imeni Poliny Osipenko,RU,2022-07-10 02:56:52,52.4201,136.4853,72.61,84,100,8.9
144,Alexandria,EG,2022-07-10 02:56:52,31.2156,29.9553,80.56,69,40,5.75
145,Sitka,US,2022-07-10 02:56:53,57.0531,-135.33,56.95,93,100,2.04
146,Cayenne,GF,2022-07-10 02:55:12,4.9333,-52.3333,75.24,1,0,1.01
147,Puerto Madryn,AR,2022-07-10 02:56:53,-42.7692,-65.0385,51.33,44,100,9.64
148,George,ZA,2022-07-10 02:56:54,-33.963,22.4617,57.76,72,97,5.57
149,Cidreira,BR,2022-07-10 02:56:54,-30.1811,-50.2056,61.95,94,71,13.56
150,Mount Gambier,AU,2022-07-10 02:55:47,-37.8333,140.7667,53.55,63,100,9.26
151,Khatanga,RU,2022-07-10 02:56:55,71.9667,102.5,50.29,78,100,6.6
152,East London,ZA,2022-07-10 02:56:55,-33.0153,27.9116,64.81,74,0,16.69
153,Puerto Ayora,EC,2022-07-10 02:56:55,-0.7393,-90.3518,71.55,89,89,3.0
154,Manakara,MG,2022-07-10 02:56:56,-22.1333,48.0167,65.46,84,82,5.75
155,Zogno,IT,2022-07-10 02:56:56,45.7919,9.6562,70.02,68,0,6.91
156,Tuktoyaktuk,CA,2022-07-10 02:56:57,69.4541,-133.0374,48.2,100,100,8.05
157,Kolpashevo,RU,2022-07-10 02:56:57,58.3131,82.9089,76.35,60,49,4.85
158,Bambous Virieux,MU,2022-07-10 02:56:57,-20.3428,57.7575,68.25,77,40,13.8
159,Anjangaon,IN,2022-07-10 02:56:58,21.1631,77.3094,77.97,86,100,14.76
160,Tacuarembo,UY,2022-07-10 02:56:58,-31.7333,-55.9833,66.11,80,1,15.77
161,Udachnyy,RU,2022-07-10 02:56:59,66.4167,112.4,70.45,39,50,10.76
162,Abashiri,JP,2022-07-10 02:56:59,44.0213,144.2697,71.89,83,75,8.05
163,Forbes,AU,2022-07-10 02:56:59,-33.3833,148.0167,56.91,60,39,11.54
164,Challans,FR,2022-07-10 02:57:00,46.8436,-1.8749,67.12,65,0,12.91
165,Kruisfontein,ZA,2022-07-10 02:57:00,-34.0033,24.7314,55.89,90,46,5.26
166,Maragogi,BR,2022-07-10 02:57:01,-9.0122,-35.2225,74.5,83,6,14.34
167,Poum,NC,2022-07-10 02:57:01,-20.2333,164.0167,78.75,80,62,19.62
168,Kungurtug,RU,2022-07-10 02:57:01,50.5994,97.5228,68.11,42,71,3.38
169,Thompson,CA,2022-07-10 02:57:02,55.7435,-97.8558,62.76,94,75,3.44
170,Lamu,KE,2022-07-10 02:57:02,-2.2717,40.902,75.13,79,84,17.72
171,Chulman,RU,2022-07-10 02:57:03,56.8479,124.9104,64.81,83,100,7.07
172,Tura,IN,2022-07-10 02:57:03,25.5198,90.2201,84.97,68,8,3.11
173,Chokurdakh,RU,2022-07-10 02:57:04,70.6333,147.9167,65.26,33,7,10.09
174,Kaitangata,NZ,2022-07-10 02:57:04,-46.2817,169.8464,45.34,65,11,3.18
175,Tananger,NO,2022-07-10 02:57:04,58.9333,5.6,51.91,85,20,12.66
176,Iqaluit,CA,2022-07-10 02:57:05,63.7506,-68.5145,37.13,93,20,6.91
177,Dzhebariki-Khaya,RU,2022-07-10 02:57:05,62.2167,135.8,84.83,36,97,5.88
178,Dingle,PH,2022-07-10 02:57:06,10.9995,122.6711,84.4,76,79,12.75
179,Farmington,US,2022-07-10 02:55:02,36.7281,-108.2187,85.21,26,8,19.24
180,Cherskiy,RU,2022-07-10 02:57:06,68.75,161.3,52.07,48,62,11.12
181,Eureka,US,2022-07-10 02:58:07,40.8021,-124.1637,66.13,81,14,8.01
182,Requena,ES,2022-07-10 02:58:07,39.4883,-1.1004,64.8,50,0,2.95
183,Emba,KZ,2022-07-10 02:58:07,48.8264,58.1442,75.15,43,59,9.82
184,Shanghai,CN,2022-07-10 02:54:26,31.2222,121.4581,98.46,64,40,6.71
185,Nokaneng,BW,2022-07-10 02:58:08,-19.6667,22.2667,53.17,52,0,6.93
186,Saint-Georges,GD,2022-07-10 02:58:08,12.0564,-61.7485,80.28,89,20,11.5
187,Vestmannaeyjar,IS,2022-07-10 02:58:09,63.4427,-20.2734,52.07,89,100,15.75
188,Pasni,PK,2022-07-10 02:58:09,25.2631,63.471,83.21,82,52,2.21
189,Cockburn Town,TC,2022-07-10 02:58:10,21.4612,-71.1419,81.7,84,100,20.96
190,Bogande,BF,2022-07-10 02:58:10,12.9714,-0.1436,80.94,68,53,14.38
191,Meulaboh,ID,2022-07-10 02:58:10,4.1363,96.1285,81.57,68,98,1.54
192,Urubamba,PE,2022-07-10 02:58:11,-13.3047,-72.1158,50.9,89,54,4.9
193,Bonthe,SL,2022-07-10 02:58:11,7.5264,-12.505,74.01,96,100,4.61
194,Grindavik,IS,2022-07-10 02:57:34,63.8424,-22.4338,50.9,100,100,17.27
195,Asau,RO,2022-07-10 02:58:12,46.4333,26.4,63.95,85,95,2.53
196,Padang,ID,2022-07-10 02:58:12,-0.9492,100.3543,82.45,70,69,2.73
197,Hobyo,SO,2022-07-10 02:58:13,5.3505,48.5268,75.94,74,99,24.05
198,Bonito Oriental,HN,2022-07-10 02:58:13,15.7477,-85.7356,74.39,98,15,1.81
199,Dandong,CN,2022-07-10 02:58:13,40.1292,124.3947,79.61,78,100,2.3
200,Kondratovo,RU,2022-07-10 02:58:14,57.9804,56.1066,66.49,88,0,2.24
201,Hithadhoo,MV,2022-07-10 02:58:14,-0.6,73.0833,82.24,78,89,6.53
202,Waingapu,ID,2022-07-10 02:58:15,-9.6567,120.2641,83.12,68,99,16.75
203,Pevek,RU,2022-07-10 02:58:15,69.7008,170.3133,32.05,97,100,17.07
204,Kahului,US,2022-07-10 02:58:16,20.8947,-156.47,82.98,84,57,13.0
205,Pakxan,LA,2022-07-10 02:58:16,18.3778,103.6601,85.59,70,42,2.37
206,Komsomolskiy,UZ,2022-07-10 02:58:16,40.4272,71.7189,77.72,33,53,9.22
207,Beringovskiy,RU,2022-07-10 02:58:17,63.05,179.3167,48.7,91,100,6.04
208,Ipora,BR,2022-07-10 02:58:17,-16.4419,-51.1178,65.57,40,1,3.38
209,Axim,GH,2022-07-10 02:58:18,4.8699,-2.2405,75.88,82,97,8.12
210,Erenhot,CN,2022-07-10 02:58:18,43.6475,111.9767,81.39,19,32,6.67
211,San Quintin,MX,2022-07-10 02:58:19,30.4833,-115.95,67.05,84,5,13.91
212,Souillac,MU,2022-07-10 02:58:19,-20.5167,57.5167,68.38,77,40,13.8
213,Presidencia Roque Saenz Pena,AR,2022-07-10 02:58:19,-26.7852,-60.4388,76.19,38,100,10.25
214,Fort Nelson,CA,2022-07-10 02:58:01,58.8053,-122.7002,60.39,77,75,11.5
215,Mangalam,IN,2022-07-10 02:58:20,9.7667,78.6667,85.06,52,100,7.83
216,Golden,US,2022-07-10 02:57:05,39.7555,-105.2211,89.31,27,40,11.5
217,Mitsamiouli,KM,2022-07-10 02:58:21,-11.3847,43.2844,76.21,65,0,15.23
218,Kununurra,AU,2022-07-10 02:58:21,-15.7667,128.7333,73.38,27,2,11.5
219,Nago,JP,2022-07-10 02:58:21,26.5881,127.9761,87.46,78,82,11.92
220,Baculin,PH,2022-07-10 02:58:22,7.4525,126.5842,86.0,65,57,3.85
221,Chiredzi,ZW,2022-07-10 02:58:22,-21.05,31.6667,53.47,75,0,1.88
222,Ponta Delgada,PT,2022-07-10 02:58:23,37.7333,-25.6667,68.5,77,75,6.91
223,Touros,BR,2022-07-10 02:58:23,-5.1989,-35.4608,74.97,87,19,10.13
224,Beni,CD,2022-07-10 02:58:23,0.5,29.4667,65.16,77,84,2.66
225,La Montanita,CO,2022-07-10 02:58:24,1.4766,-75.4398,69.13,96,98,2.06
226,Taseyevo,RU,2022-07-10 02:58:24,57.2169,94.8978,71.01,57,95,2.42
227,Victoria,HK,2022-07-10 02:56:07,22.2855,114.1577,91.96,77,54,1.99
228,Bowen,AU,2022-07-10 02:59:25,-20.0167,148.2333,66.49,44,0,4.41
229,Kasongo-Lunda,CD,2022-07-10 02:59:25,-6.4667,16.8167,64.36,44,42,0.29
230,San Julian,MX,2022-07-10 02:59:26,21.0167,-102.1667,69.04,49,93,9.78
231,Upernavik,GL,2022-07-10 02:59:26,72.7868,-56.1549,39.2,87,15,5.41
232,Kiyasovo,RU,2022-07-10 02:59:26,56.3491,53.1244,68.72,77,2,3.71
233,Troitsk,RU,2022-07-10 02:59:27,54.0979,61.5773,70.84,69,96,2.17
234,Springfield,US,2022-07-10 02:56:31,37.2153,-93.2982,75.65,82,17,3.0
235,Zhigansk,RU,2022-07-10 02:59:27,66.7697,123.3711,61.95,52,96,3.96
236,Belmonte,BR,2022-07-10 02:59:28,-15.8631,-38.8828,70.72,84,9,6.98
237,Mao,ES,2022-07-10 02:59:28,39.8885,4.2658,70.36,73,0,4.61
238,Honningsvag,NO,2022-07-10 02:59:29,70.9821,25.9704,51.55,87,75,3.44
239,Havoysund,NO,2022-07-10 02:59:29,70.9963,24.6622,52.03,79,36,6.02
240,Riviere-Au-Renard,CA,2022-07-10 02:59:29,48.9957,-64.3971,61.09,79,65,16.13
241,Pronsk,RU,2022-07-10 02:59:30,54.1048,39.6092,62.22,84,100,4.14
242,Turbat,PK,2022-07-10 02:59:30,26.0023,63.044,84.42,79,35,2.26
243,Bolotnoye,RU,2022-07-10 02:59:31,55.6717,84.3981,72.25,67,27,8.14
244,Henties Bay,NA,2022-07-10 02:59:31,-22.116,14.2845,54.23,87,0,8.99
245,Faya,SA,2022-07-10 02:59:31,18.3851,42.4509,64.92,35,100,10.13
246,Akhtubinsk,RU,2022-07-10 02:59:32,48.2795,46.1722,78.69,33,2,10.07
247,Ilulissat,GL,2022-07-10 02:59:32,69.2167,-51.1,35.89,89,98,4.81
248,Aurora,US,2022-07-10 02:59:33,39.7294,-104.8319,90.25,27,75,13.8
249,Laja,CL,2022-07-10 02:59:33,-37.2667,-72.7,42.35,96,99,4.85
250,Lata,PT,2022-07-10 02:59:33,40.1629,-8.3327,67.08,54,0,2.73
251,West Wendover,US,2022-07-10 02:59:34,40.7391,-114.0733,96.01,7,0,18.41
252,Garissa,KE,2022-07-10 02:59:34,-0.4536,39.6401,72.7,74,94,16.35
253,Saint-Philippe,RE,2022-07-10 02:59:35,-21.3585,55.7679,65.79,70,75,13.69
254,Hambantota,LK,2022-07-10 02:59:35,6.1241,81.1185,80.94,78,40,8.05
255,Sasciori,RO,2022-07-10 02:59:35,45.8667,23.5833,57.34,85,27,4.94
256,Savannah Bight,HN,2022-07-10 02:59:36,16.45,-85.85,82.45,78,7,18.12
257,Portales,US,2022-07-10 02:59:36,34.1862,-103.3344,88.11,34,9,8.3
258,Kautokeino,NO,2022-07-10 02:59:37,69.0125,23.0412,51.85,83,33,7.76
259,Chihuahua,MX,2022-07-10 02:56:53,28.5,-106.0,85.64,25,100,10.76
260,Cape Coast,GH,2022-07-10 02:59:37,5.1053,-1.2466,75.42,86,100,10.13
261,Gillette,US,2022-07-10 02:57:51,44.2911,-105.5022,85.95,26,23,8.99
262,Maxixe,MZ,2022-07-10 02:59:38,-23.8597,35.3472,62.38,86,0,5.53
263,Bom Jesus,BR,2022-07-10 02:59:38,-9.0744,-44.3586,65.88,43,3,3.42
264,Kodinsk,RU,2022-07-10 02:59:39,58.6881,99.1844,62.62,70,100,2.37
265,Nkhata Bay,MW,2022-07-10 02:59:39,-11.6066,34.2907,63.81,68,5,2.39
266,Turukhansk,RU,2022-07-10 02:59:40,65.8167,87.9833,54.23,76,100,16.78
267,Rawson,AR,2022-07-10 02:59:40,-43.3002,-65.1023,47.7,58,100,2.82
268,Collie,AU,2022-07-10 02:59:40,-33.3667,116.15,56.39,59,47,10.56
269,Ulkan,RU,2022-07-10 02:59:41,57.243,107.3223,69.06,49,100,7.18
270,Hualmay,PE,2022-07-10 02:59:41,-11.0964,-77.6139,61.59,85,61,8.86
271,Longyearbyen,SJ,2022-07-10 02:59:41,78.2186,15.6401,42.64,81,75,13.8
272,Sonegaon,IN,2022-07-10 02:59:42,20.65,78.6833,80.1,82,100,16.04
273,Sungaipenuh,ID,2022-07-10 02:59:42,-2.0833,101.3833,75.56,56,64,3.6
274,Karratha,AU,2022-07-10 02:59:43,-20.7377,116.8463,73.35,16,0,12.84
275,Republic,US,2022-07-10 03:00:43,37.12,-93.4802,75.61,70,39,8.95
276,Roxana,CR,2022-07-10 03:00:25,10.2753,-83.7513,80.02,97,100,2.28
277,Channel-Port Aux Basques,CA,2022-07-10 03:00:44,47.5702,-59.1367,55.53,81,6,18.48
278,Chelyabinsk,RU,2022-07-10 03:00:44,55.1544,61.4297,73.49,64,68,0.0
279,Potchefstroom,ZA,2022-07-10 03:00:45,-26.7167,27.1,45.28,71,0,6.85
280,Santa,PH,2022-07-10 03:00:45,17.486,120.4348,91.02,68,98,4.76
281,Lakes Entrance,AU,2022-07-10 03:00:46,-37.8811,147.981,57.16,66,31,6.98
282,Kodiak,US,2022-07-10 03:00:46,57.79,-152.4072,51.64,90,97,11.14
283,Port-Gentil,GA,2022-07-10 03:00:47,-0.7193,8.7815,72.16,80,52,12.44
284,San Vicente,AR,2022-07-10 02:59:00,-26.6167,-54.1333,67.01,61,80,7.0
285,Constitucion,CL,2022-07-10 03:00:47,-35.3333,-72.4167,50.74,86,100,7.81
286,San Francisco,US,2022-07-10 02:58:15,37.7749,-122.4194,72.99,85,5,14.0
287,Kapit,MY,2022-07-10 03:00:48,2.0167,112.9333,88.09,59,100,0.54
288,Coihaique,CL,2022-07-10 03:00:02,-45.5752,-72.0662,33.75,100,75,2.3
289,Kiruna,SE,2022-07-10 03:00:48,67.8557,20.2251,47.32,93,90,5.75
290,Grado,ES,2022-07-10 03:00:49,43.388,-6.0743,65.68,91,0,3.44
291,Goundam,ML,2022-07-10 03:00:49,16.4145,-3.6708,93.16,36,100,14.45
292,Lagoa,PT,2022-07-10 03:00:50,39.05,-27.9833,67.62,69,97,8.34
293,Norrtalje,SE,2022-07-10 02:56:55,59.758,18.705,57.83,87,44,5.21
294,Kloulklubed,PW,2022-07-10 03:00:50,7.0419,134.2556,82.9,75,87,12.21
295,Panaba,MX,2022-07-10 03:00:51,21.2833,-88.2667,76.78,86,45,7.18
296,Dalmatovo,RU,2022-07-10 03:00:51,56.26,62.9362,72.03,69,77,2.82
297,Hearst,CA,2022-07-10 03:00:51,49.6835,-83.6665,60.28,73,75,5.37
298,Lasa,IT,2022-07-10 03:00:52,46.6166,10.7002,57.36,91,51,6.64
299,Neuquen,AR,2022-07-10 03:00:10,-38.9516,-68.0591,47.93,40,70,8.19
300,Newport,GB,2022-07-10 03:00:53,51.5877,-2.9984,59.54,74,0,8.08
301,Nazca,PE,2022-07-10 02:59:20,-14.8333,-74.95,66.52,59,82,1.72
302,Ofaqim,IL,2022-07-10 03:00:53,31.3141,34.6203,71.71,84,3,4.63
303,Cabedelo,BR,2022-07-10 03:00:54,-6.9811,-34.8339,75.92,83,33,15.66
304,Lavrentiya,RU,2022-07-10 03:00:54,65.5833,-171.0,50.7,81,100,11.5
305,Nemuro,JP,2022-07-10 03:00:55,43.3236,145.575,58.66,99,100,15.26
306,Selaphum,TH,2022-07-10 03:00:55,16.0299,103.9383,87.1,72,94,7.67
307,Tautira,PF,2022-07-10 03:00:56,-17.7333,-149.15,77.05,71,91,19.08
308,Mahebourg,MU,2022-07-10 03:00:56,-20.4081,57.7,68.29,73,75,16.11
309,Hasaki,JP,2022-07-10 03:00:57,35.7333,140.8333,91.29,85,100,13.47
310,Miranda,CO,2022-07-10 03:00:57,3.2499,-76.2281,69.93,88,96,6.04
311,Flin Flon,CA,2022-07-10 03:00:58,54.7682,-101.865,66.78,78,20,3.42
312,Alvaraes,BR,2022-07-10 03:00:58,-3.2208,-64.8042,72.72,98,76,1.79
313,Los Llanos De Aridane,ES,2022-07-10 03:00:59,28.6585,-17.9182,67.75,88,0,19.57
314,Sikasso,ML,2022-07-10 03:00:59,10.9167,-7.0,71.58,95,62,3.36
315,Nanyang,CN,2022-07-10 03:01:00,32.9947,112.5328,93.43,57,13,4.97
316,Mimongo,GA,2022-07-10 03:01:00,-1.6195,11.6068,63.19,95,42,1.79
317,Vila Velha,BR,2022-07-10 03:00:27,-20.3297,-40.2925,65.95,96,13,3.06
318,Jinan,CN,2022-07-10 03:01:01,36.6683,116.9972,75.06,78,89,11.59
319,Sao Paulo De Olivenca,BR,2022-07-10 03:01:01,-3.3783,-68.8725,73.13,99,100,3.0
320,Gorontalo,ID,2022-07-10 03:01:01,0.5412,123.0595,80.89,88,86,3.69
321,Yar-Sale,RU,2022-07-10 03:01:02,66.8333,70.8333,61.56,63,97,9.93
322,Vila Franca Do Campo,PT,2022-07-10 03:01:02,37.7167,-25.4333,68.2,85,18,6.06
323,Tutoia,BR,2022-07-10 03:02:03,-2.7619,-42.2744,77.23,86,41,8.19
324,Zhangjiakou,CN,2022-07-10 02:59:21,40.81,114.8794,79.43,44,4,5.88
325,Forest Hills,US,2022-07-10 03:02:03,42.9595,-85.4898,64.98,58,0,5.75
326,Xai-Xai,MZ,2022-07-10 03:02:04,-25.0519,33.6442,60.03,90,1,8.23
327,Torbay,CA,2022-07-10 03:02:04,47.6666,-52.7314,55.58,85,85,5.99
328,Pocoes,BR,2022-07-10 03:02:05,-14.5297,-40.3653,58.71,97,69,5.95
329,Matara,LK,2022-07-10 03:02:05,5.9485,80.5353,81.88,80,100,13.11
330,Port Blair,IN,2022-07-10 03:00:19,11.6667,92.75,82.56,81,100,20.62
331,Biak,ID,2022-07-10 02:57:36,-0.9131,122.8766,77.31,87,97,5.79
332,Kapoeta,SS,2022-07-10 03:02:06,4.7717,33.5903,71.13,75,78,6.78
333,Lazaro Cardenas,MX,2022-07-10 03:02:06,17.9583,-102.2,80.6,83,69,5.61
334,Bathsheba,BB,2022-07-10 03:02:07,13.2167,-59.5167,82.06,92,74,19.8
335,Nelson Bay,AU,2022-07-10 03:02:07,-32.7167,152.15,57.0,76,96,18.72
336,Klaksvik,FO,2022-07-10 03:02:08,62.2266,-6.589,52.72,97,99,6.35
337,Hay River,CA,2022-07-10 02:57:32,60.8156,-115.7999,60.78,88,75,4.61
338,Bodden Town,KY,2022-07-10 03:02:08,19.2833,-81.25,84.2,79,20,8.05
339,Kihei,US,2022-07-10 02:58:11,20.785,-156.4656,82.98,84,82,12.88
340,Tiznit,MA,2022-07-10 03:02:09,29.5833,-9.5,85.57,21,28,0.72
341,Arco,IT,2022-07-10 03:02:09,45.9177,10.8867,68.88,71,99,3.65
342,Gat,IL,2022-07-10 02:59:35,31.61,34.7642,74.39,100,3,3.15
343,Sorland,NO,2022-07-10 03:02:10,67.667,12.6934,53.46,84,0,3.09
344,Vredendal,ZA,2022-07-10 03:02:10,-31.6683,18.5012,56.16,72,95,6.71
345,Gasa,PS,2022-07-10 03:02:01,31.5,34.4667,72.88,76,4,4.14
346,Bilibino,RU,2022-07-10 03:02:11,68.0546,166.4372,39.85,92,100,5.23
347,Najran,SA,2022-07-10 03:02:12,17.4924,44.1277,75.76,38,100,17.45
348,Haines Junction,CA,2022-07-10 03:02:12,60.7522,-137.5108,63.14,47,80,8.05
349,Pisco,PE,2022-07-10 03:02:12,-13.7,-76.2167,59.02,89,61,2.84
350,Kavieng,PG,2022-07-10 03:01:12,-2.5744,150.7967,84.83,64,83,12.08
351,Taoudenni,ML,2022-07-10 03:02:13,22.6783,-3.9836,97.16,8,71,7.16
352,Port Lincoln,AU,2022-07-10 03:01:36,-34.7333,135.8667,56.14,58,100,18.16
353,Ancud,CL,2022-07-10 03:02:14,-41.8697,-73.8203,45.23,88,99,11.92
354,Pula,HR,2022-07-10 03:02:14,44.8683,13.8481,64.96,72,0,8.05
355,Aswan,EG,2022-07-10 02:59:56,24.0934,32.907,83.5,23,0,6.91
356,Magistralnyy,RU,2022-07-10 03:02:15,56.1725,107.4458,64.58,68,100,8.03
357,Winnemucca,US,2022-07-10 03:02:15,40.973,-117.7357,84.25,11,0,8.05
358,Loa Janan,ID,2022-07-10 03:02:16,-0.583,117.095,84.79,71,94,2.28
359,Caledon,ZA,2022-07-10 03:00:21,-34.23,19.4265,43.07,89,18,3.38
360,Kazachinskoye,RU,2022-07-10 03:02:16,57.6953,93.2761,75.51,54,89,3.15
361,Tvrdosin,SK,2022-07-10 03:02:17,49.337,19.556,51.22,95,21,1.92
362,Hami,CN,2022-07-10 03:02:17,42.8,93.45,91.44,11,35,7.72
363,Phetchabun,TH,2022-07-10 03:02:18,16.25,101.0833,81.12,85,100,3.24
364,Batagay-Alyta,RU,2022-07-10 03:02:18,67.8006,130.4114,57.06,64,100,4.63
365,Arandis,NA,2022-07-10 03:02:19,-22.4167,14.9667,46.89,90,1,5.14
366,Adrar,MR,2022-07-10 03:00:00,20.5022,-10.0711,95.05,16,0,8.41
367,Temecula,US,2022-07-10 02:58:54,33.4936,-117.1484,82.51,60,0,7.0
368,San Carlos,VE,2022-07-10 03:02:19,9.6612,-68.5827,73.31,93,88,3.0
369,Haapiti,PF,2022-07-10 03:02:20,-17.5667,-149.8667,82.13,70,81,20.38
370,Palmer,US,2022-07-10 03:02:20,42.1584,-72.3287,65.57,76,13,3.78
371,Brawley,US,2022-07-10 03:02:21,32.9787,-115.5303,104.22,9,0,0.0
372,Katsuura,JP,2022-07-10 03:03:21,35.1333,140.3,82.42,81,93,11.65
373,Geraldton,AU,2022-07-10 03:03:22,-28.7667,114.6,66.61,68,40,9.22
374,Agirish,RU,2022-07-10 03:03:22,61.9247,63.0231,73.06,50,60,5.17
375,Jaru,BR,2022-07-10 03:00:14,-10.4389,-62.4664,75.72,57,18,1.19
376,Narsaq,GL,2022-07-10 03:03:23,60.9167,-46.05,46.62,92,37,0.74
377,Byron Bay,AU,2022-07-10 03:03:07,-28.65,153.6167,63.95,55,11,11.14
378,Ostrov,RU,2022-07-10 03:03:24,57.3439,28.3537,53.33,89,29,3.83
379,Surskoye,RU,2022-07-10 03:03:24,54.4821,46.7214,66.11,87,100,3.94
380,Ekibastuz,KZ,2022-07-10 03:03:24,51.6667,75.3667,67.1,72,91,9.13
381,Sattenapalle,IN,2022-07-10 03:03:25,16.4,80.1833,77.52,73,100,19.98
382,Coruripe,BR,2022-07-10 03:03:25,-10.1256,-36.1756,73.56,84,50,14.14
383,Batagay,RU,2022-07-10 03:03:26,67.6333,134.6333,64.0,50,100,5.12
384,Baykit,RU,2022-07-10 03:03:26,61.67,96.37,70.9,73,94,7.49
385,Hamilton,US,2022-07-10 03:01:45,39.1834,-84.5333,74.43,83,4,8.23
386,Kangaatsiaq,GL,2022-07-10 03:03:27,68.3065,-53.4641,40.12,92,95,7.76
387,Buraydah,SA,2022-07-10 03:03:27,26.326,43.975,83.17,6,45,7.99
388,Egvekinot,RU,2022-07-10 03:03:27,66.3167,-179.1667,41.43,98,100,6.42
389,Weihai,CN,2022-07-10 03:03:28,37.5017,122.1136,79.57,73,72,7.25
390,Saint-Augustin,CA,2022-07-10 03:03:28,51.226,-58.6502,52.18,88,100,11.23
391,Strezhevoy,RU,2022-07-10 03:03:29,60.7333,77.5889,74.53,52,40,9.66
392,San Jeronimo,PE,2022-07-10 03:03:29,-11.9472,-75.2829,45.73,82,64,3.51
393,San Ramon,US,2022-07-10 03:03:30,37.7799,-121.978,76.3,68,0,9.22
394,Fare,PF,2022-07-10 03:03:30,-16.7,-151.0167,78.17,72,82,20.38
395,Katastarion,GR,2022-07-10 03:03:31,37.8333,20.7667,73.18,64,20,4.61
396,Cabras,IT,2022-07-10 03:03:31,39.93,8.5314,67.87,76,0,4.76
397,Moron,AR,2022-07-10 03:03:32,-34.6534,-58.6198,65.93,90,17,8.66
398,Hofn,IS,2022-07-10 03:03:32,64.2539,-15.2082,49.78,97,100,8.88
399,Vidisha,IN,2022-07-10 03:03:32,23.5333,77.8167,85.19,65,12,6.89
400,Moyale,KE,2022-07-10 03:02:19,3.5167,39.0584,59.9,83,51,8.88
401,Palkino,RU,2022-07-10 03:03:33,57.5409,28.0126,53.35,90,42,4.07
402,Uchiza,PE,2022-07-10 03:03:34,-8.4592,-76.4633,70.34,90,62,2.3
403,Vanavara,RU,2022-07-10 03:03:34,60.34,102.2797,70.83,44,78,3.67
404,Cabinda,AO,2022-07-10 03:03:34,-5.55,12.2,68.63,92,93,6.69
405,Mae Sai,TH,2022-07-10 03:03:35,20.4335,99.8762,77.29,91,97,0.98
406,Uige,AO,2022-07-10 03:03:35,-7.6087,15.0613,58.5,93,41,2.39
407,Abnub,EG,2022-07-10 03:03:36,27.2696,31.1511,80.17,34,6,5.84
408,Sinnamary,GF,2022-07-10 03:01:15,5.3833,-52.95,77.32,88,100,6.8
409,Dahra,DZ,2022-07-10 03:03:36,36.2546,0.8519,69.04,68,0,0.65
410,Bonavista,CA,2022-07-10 03:03:37,48.6499,-53.1147,53.47,88,33,14.79
411,Vetluzhskiy,RU,2022-07-10 03:03:37,58.3902,45.4654,63.93,96,97,4.92
412,Polunochnoye,RU,2022-07-10 03:03:37,60.8697,60.4153,70.32,72,10,1.54
413,Yambio,SS,2022-07-10 03:03:38,4.5721,28.3955,66.16,98,85,2.24
414,Amot,NO,2022-07-10 03:03:38,59.5714,7.9877,41.88,87,18,6.26
415,Half Moon Bay,US,2022-07-10 03:04:38,37.4636,-122.4286,73.54,78,75,16.11
416,Kandrian,PG,2022-07-10 03:04:39,-6.2167,149.55,86.32,65,53,10.74
417,Sinop,TR,2022-07-10 03:04:39,41.7711,34.8709,62.65,83,98,4.03
418,Nexo,DK,2022-07-10 03:04:40,55.0607,15.1306,57.29,82,37,20.2
419,Medicine Hat,CA,2022-07-10 03:01:36,50.0501,-110.6683,79.21,43,100,9.53
420,Beyneu,KZ,2022-07-10 03:04:40,45.3167,55.2,83.43,23,0,1.86
421,Saldanha,ZA,2022-07-10 03:04:41,-33.0117,17.9442,55.63,95,100,11.65
422,Zaozhuang,CN,2022-07-10 03:04:41,34.8647,117.5542,89.73,64,19,7.78
423,Luanda,AO,2022-07-10 03:00:16,-8.8368,13.2343,69.8,83,75,4.61
424,Tanout,NE,2022-07-10 03:04:42,14.9709,8.8879,79.88,50,67,11.7
425,Angoche,MZ,2022-07-10 03:04:42,-16.2325,39.9086,68.45,84,4,4.92
426,Bosilegrad,RS,2022-07-10 03:04:42,42.5011,22.4724,51.57,88,6,5.61
427,Silver City,US,2022-07-10 03:04:43,32.7701,-108.2803,71.67,61,100,11.99
428,Makakilo City,US,2022-07-10 03:01:27,21.3469,-158.0858,79.68,71,51,20.67
429,Pangkalanbuun,ID,2022-07-10 03:04:43,-2.6833,111.6167,84.9,68,31,4.25
430,Mamallapuram,IN,2022-07-10 03:04:44,12.6264,80.1722,84.25,64,97,13.98
431,Juneau,US,2022-07-10 03:04:44,58.3019,-134.4197,61.21,90,100,4.61
432,Asprovalta,GR,2022-07-10 03:04:44,40.7167,23.7,67.21,81,81,7.0
433,Nyalikungu,TZ,2022-07-10 03:04:45,-3.1833,33.7833,58.87,62,0,11.18
434,Bud,US,2022-07-10 03:04:45,39.447,-86.1758,73.24,71,1,9.95
435,Thiruvananthapuram,IN,2022-07-10 03:04:46,8.4833,76.9167,82.38,78,20,9.22
436,Ubud,ID,2022-07-10 03:04:46,-8.5098,115.2654,79.92,76,94,6.89
437,Bagotville,AU,2022-07-10 03:04:47,-28.9833,153.4167,63.86,60,1,7.16
438,Nanortalik,GL,2022-07-10 03:04:47,60.1432,-45.2371,41.13,94,64,8.32
439,Ostersund,SE,2022-07-10 03:01:11,63.1792,14.6357,48.65,100,75,10.36
440,Barguzin,RU,2022-07-10 03:04:48,53.6167,109.6167,66.7,55,32,9.82
441,Yeppoon,AU,2022-07-10 03:04:48,-23.1333,150.7333,62.38,45,0,10.13
442,Ayan,RU,2022-07-10 03:04:49,56.45,138.1667,60.55,86,99,13.56
443,Laguna De Perlas,NI,2022-07-10 03:04:49,12.3429,-83.6712,78.04,89,100,11.05
444,Skibbereen,IE,2022-07-10 03:04:49,51.55,-9.2667,57.11,90,0,4.43
445,Hare Bay,CA,2022-07-10 03:04:50,48.8499,-54.0148,56.19,95,29,7.85
446,Alacranes,CU,2022-07-10 03:04:50,22.7675,-81.5675,73.89,87,48,4.43
447,Akyab,MM,2022-07-10 03:04:51,20.15,92.9,80.33,88,83,11.99
448,Sao Joao Da Barra,BR,2022-07-10 03:04:51,-21.6403,-41.0511,71.31,84,15,15.14
449,Kyenjojo,UG,2022-07-10 03:04:51,0.6328,30.6214,59.83,77,46,1.23
450,Sobolevo,RU,2022-07-10 03:04:52,54.4299,31.8996,57.74,96,100,4.05
451,Camacupa,AO,2022-07-10 03:04:21,-12.0167,17.4833,50.43,51,5,2.82
452,Millbrook,US,2022-07-10 03:04:52,32.4799,-86.3619,74.05,95,100,6.91
453,Clyde River,CA,2022-07-10 03:04:53,70.4692,-68.5914,42.55,77,26,3.04
454,Nizhniy Baskunchak,RU,2022-07-10 03:04:53,48.2198,46.8311,79.93,31,1,10.09
455,Lotoshino,RU,2022-07-10 03:04:53,56.2267,35.6414,58.39,96,100,4.34
456,Svetlogorsk,BY,2022-07-10 03:04:54,52.6333,29.7333,56.26,93,84,4.45
457,Irbeyskoye,RU,2022-07-10 03:04:54,55.6428,95.4522,69.96,62,97,1.63
458,Kortkeros,RU,2022-07-10 03:04:55,61.8106,51.5806,66.2,60,96,2.21
459,Neryungri,RU,2022-07-10 03:04:55,56.6709,124.6491,66.15,75,100,8.86
460,Jacqueville,CI,2022-07-10 03:04:55,5.2052,-4.4146,76.89,79,98,12.93
461,Palaikastron,GR,2022-07-10 03:04:56,35.2,26.25,72.45,80,0,24.85
462,Namatanai,PG,2022-07-10 03:05:56,-3.6667,152.4333,84.72,65,29,8.03
463,Mbekenyera,TZ,2022-07-10 03:05:57,-10.0,38.9833,63.45,88,51,2.66
464,Loreto,MX,2022-07-10 03:05:57,22.2667,-101.9667,70.03,50,35,23.15
465,Roald,NO,2022-07-10 03:05:58,62.5833,6.1333,54.16,87,100,6.91
466,Sakakah,SA,2022-07-10 03:05:58,29.9697,40.2064,79.54,27,0,8.68
467,Villa Carlos Paz,AR,2022-07-10 03:05:58,-31.4241,-64.4978,69.08,60,20,10.33
468,Roebourne,AU,2022-07-10 03:05:59,-20.7833,117.1333,72.82,16,0,12.46
469,Leh,IN,2022-07-10 03:05:59,34.1667,77.5833,62.82,54,49,5.46
470,Codajas,BR,2022-07-10 03:06:00,-3.8367,-62.0569,72.97,97,57,1.28
471,Gustavo Diaz Ordaz,MX,2022-07-10 03:06:00,26.2333,-98.5833,89.04,62,11,1.99
472,Matamoros,MX,2022-07-10 03:05:42,25.5333,-103.25,93.31,24,40,9.22
473,Burgos,ES,2022-07-10 03:06:01,42.3394,-3.7079,55.99,67,0,7.31
474,Chupa,RU,2022-07-10 03:06:01,66.27,33.0549,54.86,90,100,10.96
475,Caravelas,BR,2022-07-10 03:06:01,-17.7125,-39.2481,69.93,85,6,5.79
476,Port Hedland,AU,2022-07-10 03:06:02,-20.3167,118.5667,75.25,16,0,12.66
477,Honiara,SB,2022-07-10 03:06:02,-9.4333,159.95,86.41,63,22,6.62
478,Nome,US,2022-07-10 03:06:03,64.5011,-165.4064,72.16,62,0,19.57
479,Pangody,RU,2022-07-10 03:06:03,65.85,74.4859,66.34,56,10,10.42
480,Holovyne,UA,2022-07-10 03:06:03,50.4712,28.8253,52.93,93,12,7.72
481,Ahipara,NZ,2022-07-10 03:06:04,-35.1667,173.1667,62.62,74,100,4.21
482,Jardim,BR,2022-07-10 03:06:04,-21.4803,-56.1381,70.54,50,7,3.8
483,Rozkishne,UA,2022-07-10 03:06:05,48.5074,39.3004,71.31,42,99,8.5
484,Charters Towers,AU,2022-07-10 03:06:05,-20.1,146.2667,64.83,40,0,11.54
485,Marawi,PH,2022-07-10 03:02:28,7.9986,124.2928,77.13,81,94,6.8
486,Sabha,LY,2022-07-10 03:06:06,27.0377,14.4283,80.56,44,8,15.5
487,Baruun-Urt,MN,2022-07-10 03:06:06,46.6806,113.2792,71.89,38,99,4.12
488,Tweed,CA,2022-07-10 03:06:06,44.4751,-77.3162,61.23,88,0,3.6
489,Edd,ER,2022-07-10 03:06:07,13.9297,41.6925,89.71,56,100,4.38
490,Qasigiannguit,GL,2022-07-10 03:06:07,68.8193,-51.1922,41.25,92,95,3.44
491,Agadez,NE,2022-07-10 03:06:08,19.75,10.25,84.74,12,2,5.14
492,Daru,PG,2022-07-10 03:06:08,-9.0763,143.2092,79.38,87,68,15.21
493,Bokoro,TD,2022-07-10 03:06:08,12.3807,17.0568,81.07,58,64,7.27
494,Gunjur,GM,2022-07-10 03:06:09,13.2019,-16.7339,79.0,80,90,10.45
495,Zhob,PK,2022-07-10 03:06:09,31.3411,69.4481,78.57,62,100,3.02
496,Komarikhinskiy,RU,2022-07-10 03:06:10,58.0979,57.1163,70.39,71,4,0.29
497,Fairbanks,US,2022-07-10 03:05:00,64.8378,-147.7164,71.6,58,100,5.75
498,Dunedin,NZ,2022-07-10 03:06:10,-45.8742,170.5036,48.79,50,11,4.0
499,Diamantino,BR,2022-07-10 03:06:11,-14.4086,-56.4461,72.39,46,74,5.21
500,Ucluelet,CA,2022-07-10 03:06:11,48.9329,-125.5528,64.09,83,96,6.38
501,Seoul,KR,2022-07-10 03:01:23,37.5683,126.9778,92.59,48,50,0.51
502,Mae Sot,TH,2022-07-10 03:06:12,16.7167,98.5667,74.44,97,100,0.87
503,Cooma,AU,2022-07-10 03:06:12,-36.2333,149.1333,47.37,64,82,7.92
504,Broken Hill,AU,2022-07-10 03:06:13,-31.95,141.4333,53.17,45,1,4.85
505,Rio Linda,US,2022-07-10 03:06:13,38.691,-121.4486,91.65,38,0,12.66
506,Yulara,AU,2022-07-10 03:06:14,-25.2406,130.9889,58.71,30,0,10.65
507,Linjiang,CN,2022-07-10 03:06:14,41.8069,126.9078,77.56,79,100,1.21
508,Waipawa,NZ,2022-07-10 03:06:15,-41.4122,175.5153,46.08,61,100,6.96
509,Dubbo,AU,2022-07-10 03:07:15,-32.25,148.6167,53.73,66,100,6.91
510,Krnov,CZ,2022-07-10 03:07:15,50.0897,17.7039,57.22,88,44,5.55
511,Ewa Beach,US,2022-07-10 03:02:57,21.3156,-158.0072,83.98,61,43,20.0
512,Nizhniy Ingash,RU,2022-07-10 03:07:16,56.2,96.53,73.24,47,100,1.23
513,Traverse City,US,2022-07-10 03:07:16,44.7631,-85.6206,65.84,73,0,0.0
514,Pudozh,RU,2022-07-10 03:07:17,61.8099,36.5345,61.72,78,43,4.83
515,Dustlik,UZ,2022-07-10 03:07:18,40.5247,68.0358,79.41,27,0,1.83
516,Calderitas,MX,2022-07-10 03:07:18,18.55,-88.25,81.27,79,72,8.55
517,Negombo,LK,2022-07-10 03:07:18,7.2083,79.8358,82.45,78,40,8.05
518,Ulladulla,AU,2022-07-10 03:07:19,-35.35,150.4667,54.5,74,63,13.94
519,Teguldet,RU,2022-07-10 03:07:19,57.3064,88.1667,78.84,52,12,2.24
520,Namibe,AO,2022-07-10 03:07:20,-15.1961,12.1522,61.61,83,0,4.09
521,Hovd,MN,2022-07-10 03:07:20,48.0056,91.6419,65.35,47,42,7.14
522,Jiangyou,CN,2022-07-10 03:07:21,31.7667,104.7167,87.42,66,65,4.99
523,Okhotsk,RU,2022-07-10 03:07:21,59.3833,143.3,66.67,67,100,11.23
524,Fredericton,CA,2022-07-10 03:07:15,45.9454,-66.6656,54.01,76,7,3.78
525,Porto Empedocle,IT,2022-07-10 03:07:22,37.2934,13.5264,66.31,62,0,6.85
526,Omboue,GA,2022-07-10 03:07:23,-1.5746,9.2618,69.04,89,69,6.06
527,Monrovia,LR,2022-07-10 03:07:23,6.3005,-10.7969,74.97,85,100,11.97
528,Helong,CN,2022-07-10 03:07:24,42.5397,128.9972,72.86,84,100,3.96
529,Fianarantsoa,MG,2022-07-10 03:07:24,-21.4333,47.0833,46.4,98,35,6.93
530,Sakaiminato,JP,2022-07-10 03:07:24,35.55,133.2333,79.74,81,87,6.78
531,Zimovniki,RU,2022-07-10 03:07:25,47.1483,42.4633,73.54,38,0,10.42
532,Husavik,IS,2022-07-10 03:07:25,66.0449,-17.3389,52.65,86,98,6.78
533,Santa Isabel,BR,2022-07-10 03:04:08,-23.3156,-46.2214,56.5,92,27,2.42
534,Tromso,NO,2022-07-10 03:07:26,69.6496,18.957,54.37,82,100,3.44
535,Kavaratti,IN,2022-07-10 03:07:26,10.5669,72.642,81.01,80,100,22.57
536,Urdoma,RU,2022-07-10 03:07:26,61.7533,48.5442,63.79,66,99,2.55
537,Sisimiut,GL,2022-07-10 03:07:27,66.9395,-53.6735,39.92,89,100,4.99
538,Grand Gaube,MU,2022-07-10 03:07:27,-20.0064,57.6608,68.4,75,62,5.01
539,Yatou,CN,2022-07-10 03:07:28,37.15,122.3833,85.46,57,10,9.42
540,Raga,SS,2022-07-10 03:07:28,8.4596,25.678,68.41,96,100,2.93
